Weight,Size,Sweetness,Fruit
145,6.8,7.8,Apple
150,7.0,8.0,Apple
155,7.1,7.6,Apple
160,7.2,7.9,Apple
148,6.9,8.2,Apple
165,7.4,7.5,Apple
152,7.0,8.1,Apple
158,7.3,7.7,Apple
142,6.7,8.3,Apple
168,7.5,7.4,Apple
151,7.1,8.0,Apple
157,7.2,7.8,Apple
146,6.8,8.4,Apple
162,7.4,7.6,Apple
154,7.0,8.2,Apple
149,6.9,7.9,Apple
166,7.5,7.3,Apple
153,7.1,8.1,Apple
159,7.3,7.7,Apple
144,6.7,8.5,Apple
118,11.5,9.1,Banana
122,12.0,9.3,Banana
115,11.2,9.5,Banana
125,12.3,9.0,Banana
110,11.0,9.6,Banana
128,12.5,8.9,Banana
120,11.8,9.2,Banana
130,12.6,8.8,Banana
116,11.3,9.4,Banana
124,12.1,9.1,Banana
119,11.7,9.3,Banana
127,12.4,9.0,Banana
113,11.1,9.6,Banana
121,11.9,9.2,Banana
129,12.7,8.7,Banana
117,11.4,9.5,Banana
126,12.2,8.9,Banana
114,11.0,9.7,Banana
123,12.0,9.1,Banana
131,12.8,8.8,Banana
178,7.8,8.2,Orange
185,8.1,8.5,Orange
190,8.3,8.7,Orange
175,7.7,8.0,Orange
195,8.5,8.8,Orange
182,8.0,8.4,Orange
188,8.2,8.6,Orange
180,7.9,8.3,Orange
192,8.4,8.9,Orange
176,7.8,8.1,Orange
186,8.1,8.5,Orange
194,8.5,8.7,Orange
181,8.0,8.4,Orange
189,8.3,8.6,Orange
177,7.7,8.2,Orange
196,8.6,8.9,Orange
183,8.1,8.3,Orange
191,8.4,8.8,Orange
179,7.9,8.1,Orange
187,8.2,8.5,Orange
147,6.9,7.7,Apple
156,7.2,7.9,Apple
163,7.3,7.5,Apple
141,6.6,8.4,Apple
169,7.6,7.3,Apple
150,7.0,8.1,Apple
155,7.1,7.8,Apple
161,7.4,7.6,Apple
143,6.8,8.3,Apple
167,7.5,7.4,Apple
119,11.6,9.2,Banana
123,12.1,9.0,Banana
112,11.2,9.5,Banana
126,12.3,8.9,Banana
118,11.7,9.3,Banana
132,12.8,8.7,Banana
121,11.9,9.1,Banana
116,11.3,9.4,Banana
128,12.5,8.8,Banana
124,12.2,9.0,Banana
184,8.0,8.5,Orange
193,8.4,8.8,Orange
179,7.8,8.1,Orange
187,8.2,8.6,Orange
198,8.7,9.0,Orange
174,7.6,7.9,Orange
183,8.1,8.4,Orange
191,8.3,8.7,Orange
177,7.9,8.2,Orange
189,8.5,8.8,Orange
